,url,username,socialnetwork
0,http://distilleryimage7.s3.amazonaws.com/46d56c0ad93211e2990022000aeb0f0c_7.jpg,kap_u_moru,instagram
1,http://distilleryimage9.s3.amazonaws.com/7dd0de1ad93211e2bccc22000a1f8cda_7.jpg,ivan_tato,instagram
2,http://distilleryimage8.s3.amazonaws.com/e893b9f4d93011e2abd122000ae907cd_7.jpg,rafaelamarcon,instagram
3,http://distilleryimage5.s3.amazonaws.com/87dbc268d93111e289b122000a9f18c4_7.jpg,nobooboo,instagram
4,http://distilleryimage3.s3.amazonaws.com/07b11338d82b11e297bf22000a1f9263_7.jpg,kjarlajn,instagram
5,http://distilleryimage0.s3.amazonaws.com/bd7f312cd92f11e2a2e222000a9e48a3_7.jpg,brvince,instagram
6,http://distilleryimage7.s3.amazonaws.com/46d56c0ad93211e2990022000aeb0f0c_7.jpg,kap_u_moru,instagram
7,http://distilleryimage9.s3.amazonaws.com/7dd0de1ad93211e2bccc22000a1f8cda_7.jpg,ivan_tato,instagram
8,http://distilleryimage8.s3.amazonaws.com/e893b9f4d93011e2abd122000ae907cd_7.jpg,rafaelamarcon,instagram
9,http://distilleryimage5.s3.amazonaws.com/87dbc268d93111e289b122000a9f18c4_7.jpg,nobooboo,instagram
10,http://distilleryimage3.s3.amazonaws.com/07b11338d82b11e297bf22000a1f9263_7.jpg,kjarlajn,instagram
11,http://distilleryimage0.s3.amazonaws.com/bd7f312cd92f11e2a2e222000a9e48a3_7.jpg,brvince,instagram
12,http://distilleryimage2.s3.amazonaws.com/a8a2fc16d92f11e2a2e022000a1faf45_7.jpg,martibaiardo,instagram
13,http://distilleryimage1.s3.amazonaws.com/e725bf6ed92f11e2b93122000a1f8c8d_7.jpg,ptite_chose,instagram
14,http://distilleryimage2.s3.amazonaws.com/92caad72d92e11e2a49722000aaa05c4_7.jpg,vi0lyn,instagram
15,http://distilleryimage3.s3.amazonaws.com/1e82210cd92911e2895a22000a1fc66c_7.jpg,lu_ciiana,instagram
16,http://distilleryimage10.s3.amazonaws.com/6a2687d8d92e11e28fba22000a1fb1a7_7.jpg,dylanworrall96,instagram
17,http://distilleryimage10.s3.amazonaws.com/4d47e270d92d11e2b56022000a9f1354_7.jpg,giadatoniato,instagram
18,http://distilleryimage1.s3.amazonaws.com/15283782d92d11e280f522000a9e17fb_7.jpg,frejaslivelove,instagram
19,http://distilleryimage10.s3.amazonaws.com/a66a2d82d92c11e2bc6c22000a9f38d4_7.jpg,emilygregory12345,instagram
20,http://distilleryimage2.s3.amazonaws.com/2489b45ed92c11e2867a22000a9f1266_7.jpg,itsnancybitch,instagram
21,http://distilleryimage9.s3.amazonaws.com/d753af50d92b11e282b622000ae912ed_7.jpg,jessicabailey123,instagram
22,http://distilleryimage8.s3.amazonaws.com/ae9312b4d92a11e2bdcf22000a1fbe62_7.jpg,james_r_b_l_d_n_h_davis,instagram
23,http://distilleryimage5.s3.amazonaws.com/43be0f10d92b11e2b45222000a1f97b0_7.jpg,flmorton,instagram
24,http://distilleryimage1.s3.amazonaws.com/9f5722d6d92a11e2be0322000a9f38f1_7.jpg,s3idan,instagram
25,http://distilleryimage4.s3.amazonaws.com/d65f139cd92a11e2af5922000aeb0fcc_7.jpg,stefan_v_tomash,instagram
26,http://distilleryimage3.s3.amazonaws.com/2ed8b214d92911e2978e22000a1fb9d3_7.jpg,archivez,instagram
27,http://distilleryimage3.s3.amazonaws.com/140609c4d92811e29de622000ae90e7b_7.jpg,liammainka1,instagram
28,http://distilleryimage7.s3.amazonaws.com/1b8ed3d4d92711e2988322000a1ddbb4_7.jpg,_ser3na_,instagram
29,http://distilleryimage8.s3.amazonaws.com/50f9b732d92711e29ae122000a1f9a03_7.jpg,koron1,instagram
30,http://pbs.twimg.com/media/BNJvsxACQAASCG2.jpg:large,lauracastejon2,twitter
31,http://distilleryimage3.s3.amazonaws.com/a728476ed92611e2a55d22000a1fbcd5_7.jpg,scrulove,instagram
32,http://distilleryimage11.s3.amazonaws.com/b3f6ecdad92511e2bdf822000a1fa51c_7.jpg,lovely_fede,instagram
33,http://distilleryimage5.s3.amazonaws.com/b9f426ded92511e29cc922000aaa090c_7.jpg,xoxomaryy,instagram
34,http://distilleryimage5.s3.amazonaws.com/a512dcbad92511e2a54022000ae911f0_7.jpg,leododaj,instagram
35,http://distilleryimage2.s3.amazonaws.com/ece872aed92311e2acc922000ae81df1_7.jpg,jamiepreston,instagram
36,http://distilleryimage8.s3.amazonaws.com/68a585e0d92311e2b7ab22000a1f90e7_7.jpg,turnipz,instagram
37,http://distilleryimage5.s3.amazonaws.com/b9f426ded92511e29cc922000aaa090c_7.jpg,xoxomaryy,instagram
38,http://distilleryimage5.s3.amazonaws.com/a512dcbad92511e2a54022000ae911f0_7.jpg,leododaj,instagram
39,http://distilleryimage2.s3.amazonaws.com/ece872aed92311e2acc922000ae81df1_7.jpg,jamiepreston,instagram
40,,,
41,,,
42,,,
43,,,
44,,,
45,,,
46,,,
47,,,
48,,,
49,,,
50,,,
51,,,
52,,,
53,,,
54,,,
55,,,
56,,,
57,,,
58,,,
59,,,
60,,,
61,,,
62,,,
63,,,
64,,,
65,,,
66,,,
67,,,
68,,,
69,,,
70,,,
71,,,
72,,,
73,,,
74,,,
75,,,
76,,,
77,,,
78,,,
79,,,
80,,,
81,,,
82,,,
83,,,
84,,,
85,,,
86,,,
87,,,
88,,,
89,,,
90,,,
91,,,
92,,,
93,,,
94,,,
95,,,
96,,,
97,,,
98,,,
99,,,
100,,,
101,,,
102,,,
103,,,
104,,,
105,,,
106,,,
107,,,
108,,,
109,,,
110,,,
111,,,
112,,,
113,,,
114,,,
115,,,
116,,,
117,,,
118,,,
119,,,
120,,,
121,,,
122,,,
123,,,
124,,,
125,,,
126,,,
127,,,
128,,,
129,,,
130,,,
131,,,
132,,,
133,,,
134,,,
135,,,
136,,,
137,,,
138,,,
139,,,
140,,,
141,,,
142,,,
143,,,
144,,,
145,,,
146,,,
147,,,
148,,,
149,,,
